CLAIM_ID,POLICY_ID,CUSTOMER_ID,PRODUCT_LINE,CLAIM_TYPE,CLAIM_DATE,CLAIM_AMOUNT,APPROVED_AMOUNT,STATUS,SETTLED_DATE,DAYS_TO_SETTLE,DAYS_OPEN
CLM-00001,KVH-MO-00003,C0002,Motor,Flood damage,2026-08-11,449300,446200,Settled,2026-08-31,20,20
CLM-00002,KVH-HE-00006,C0003,Health,Maternity,2025-07-13,285000,,Rejected,,,448
CLM-00003,KVH-HE-00007,C0004,Health,Hospitalisation - reimbursement,2025-12-30,35000,,Pending,,,278
CLM-00004,KVH-HE-00007,C0004,Health,Maternity,2025-08-29,264800,,Pending,,,401
CLM-00005,KVH-MO-00008,C0004,Motor,Accident damage,2025-10-21,219400,,Rejected,,,348
CLM-00006,KVH-MO-00012,C0005,Motor,Windshield replacement,2025-08-11,118300,106300,Settled,2025-08-16,5,5
CLM-00007,KVH-MO-00014,C0006,Motor,Theft,2026-04-17,106700,,Under Review,,,170
CLM-00008,KVH-MO-00014,C0006,Motor,Accident damage,2025-09-23,40000,,Rejected,,,376
CLM-00009,KVH-HE-00015,C0007,Health,Maternity,2025-05-30,74300,74100,Settled,2025-06-10,11,11
CLM-00010,KVH-HE-00021,C0009,Health,Hospitalisation - cashless,2026-09-17,428800,,Under Review,,,17
CLM-00011,KVH-HE-00024,C0010,Health,Maternity,2026-08-20,35700,31400,Settled,2026-08-29,9,9
CLM-00012,KVH-MO-00027,C0011,Motor,Accident damage,2026-05-09,140200,139600,Settled,2026-06-11,33,33
CLM-00013,KVH-HE-00033,C0016,Health,Hospitalisation - reimbursement,2026-01-19,150500,140800,Settled,2026-02-04,16,16
CLM-00014,KVH-HE-00036,C0018,Health,Maternity,2026-04-22,100000,96800,Settled,2026-05-15,23,23
CLM-00015,KVH-HE-00040,C0021,Health,Hospitalisation - reimbursement,2026-04-05,53100,52400,Settled,2026-04-19,14,14
CLM-00016,KVH-MO-00041,C0022,Motor,Accident damage,2026-05-20,336200,,Pending,,,137
CLM-00017,KVH-HO-00047,C0027,Home,Fire damage,2025-09-01,900000,797300,Settled,2025-09-22,21,21
CLM-00018,KVH-MO-00049,C0028,Motor,Theft,2025-10-19,88400,84700,Settled,2025-11-05,17,17
CLM-00019,KVH-HE-00053,C0030,Health,Day-care procedure,2025-10-05,63100,56200,Settled,2025-10-20,15,15
CLM-00020,KVH-HE-00053,C0030,Health,Maternity,2025-06-20,53200,53100,Settled,2025-07-10,20,20
CLM-00021,KVH-HE-00053,C0030,Health,Hospitalisation - cashless,2026-03-21,38200,,Pending,,,197
CLM-00022,KVH-MO-00057,C0032,Motor,Theft,2025-10-11,117900,114100,Settled,2025-10-25,14,14
CLM-00023,KVH-HE-00066,C0036,Health,Maternity,2026-04-04,38700,35200,Settled,2026-04-14,10,10
CLM-00024,KVH-HE-00066,C0036,Health,Day-care procedure,2026-09-11,235100,234000,Settled,2026-10-03,22,22
CLM-00025,KVH-HE-00073,C0040,Health,Maternity,2026-08-23,159400,138600,Settled,2026-09-14,22,22
CLM-00026,KVH-MO-00074,C0041,Motor,Accident damage,2026-03-15,16300,13300,Settled,2026-06-10,87,87
CLM-00027,KVH-MO-00074,C0041,Motor,Accident damage,2025-04-21,64800,42300,Settled,2025-06-13,53,53
CLM-00028,KVH-HE-00077,C0042,Health,Hospitalisation - reimbursement,2026-06-28,102400,88300,Settled,2026-09-12,76,76
CLM-00029,KVH-HE-00077,C0042,Health,Day-care procedure,2026-02-12,384400,,Rejected,,,234
CLM-00030,KVH-HE-00077,C0042,Health,Hospitalisation - reimbursement,2025-10-21,121600,81200,Settled,2026-01-12,83,83
CLM-00031,KVH-MO-00078,C0042,Motor,Accident damage,2025-05-05,150500,,Under Review,,,517
CLM-00032,KVH-MO-00078,C0042,Motor,Flood damage,2025-09-18,56200,55200,Settled,2025-11-23,66,66
CLM-00033,KVH-MO-00078,C0042,Motor,Accident damage,2025-11-26,105700,,Pending,,,312
CLM-00034,KVH-MO-00080,C0044,Motor,Accident damage,2026-01-18,332700,289200,Settled,2026-01-24,6,6
CLM-00035,KVH-MO-00086,C0047,Motor,Flood damage,2026-09-05,93200,93200,Settled,2026-09-26,21,21
CLM-00036,KVH-MO-00087,C0048,Motor,Windshield replacement,2025-10-19,23500,21900,Settled,2025-10-28,9,9
CLM-00037,KVH-LI-00089,C0048,Life,Accidental disability rider,2026-08-09,628000,603300,Settled,2026-08-24,15,15
CLM-00038,KVH-HE-00095,C0052,Health,Hospitalisation - cashless,2025-07-02,95000,75900,Settled,2025-08-09,38,38
CLM-00039,KVH-HE-00095,C0052,Health,Hospitalisation - cashless,2025-07-03,91300,,Rejected,,,458
CLM-00040,KVH-HE-00098,C0054,Health,Day-care procedure,2026-05-09,71200,65200,Settled,2026-05-27,18,18
CLM-00041,KVH-HE-00098,C0054,Health,Hospitalisation - cashless,2026-09-26,143200,141400,Settled,2026-10-01,5,5
CLM-00042,KVH-MO-00099,C0054,Motor,Theft,2026-05-09,12400,11700,Settled,2026-05-16,7,7
CLM-00043,KVH-MO-00099,C0054,Motor,Theft,2025-10-26,51500,45600,Settled,2025-11-06,11,11
CLM-00044,KVH-HE-00100,C0055,Health,Day-care procedure,2025-06-06,263800,,Pending,,,485
CLM-00045,KVH-MO-00101,C0055,Motor,Flood damage,2025-10-18,137400,,Pending,,,351
CLM-00046,KVH-MO-00101,C0055,Motor,Windshield replacement,2026-05-13,239900,,Rejected,,,144
CLM-00047,KVH-MO-00108,C0060,Motor,Windshield replacement,2026-06-22,174500,,Pending,,,104
CLM-00048,KVH-LI-00112,C0063,Life,Accidental disability rider,2025-08-30,900000,,Under Review,,,400
CLM-00049,KVH-LI-00120,C0068,Life,Critical illness rider,2025-05-29,900000,809900,Settled,2025-06-04,6,6
CLM-00050,KVH-MO-00127,C0073,Motor,Windshield replacement,2026-03-17,302300,,Under Review,,,201
CLM-00051,KVH-HE-00128,C0073,Health,Hospitalisation - reimbursement,2026-04-22,25200,,Under Review,,,165
CLM-00052,KVH-HE-00128,C0073,Health,Hospitalisation - cashless,2025-12-23,103400,,Rejected,,,285
CLM-00053,KVH-MO-00147,C0088,Motor,Flood damage,2025-10-08,37300,37000,Settled,2025-10-28,20,20
CLM-00054,KVH-HE-00150,C0090,Health,Hospitalisation - reimbursement,2026-08-08,348800,302400,Settled,2026-08-18,10,10
CLM-00055,KVH-MO-00152,C0091,Motor,Flood damage,2026-04-04,35400,35000,Settled,2026-04-13,9,9
CLM-00056,KVH-HE-00153,C0092,Health,Hospitalisation - reimbursement,2026-03-08,293100,,Rejected,,,210
CLM-00057,KVH-HO-00158,C0096,Home,Water damage,2026-03-31,422600,,Rejected,,,187
CLM-00058,KVH-HE-00159,C0096,Health,Maternity,2026-03-03,174500,174000,Settled,2026-03-08,5,5
CLM-00059,KVH-HE-00160,C0097,Health,Day-care procedure,2026-04-29,182700,178500,Settled,2026-05-03,4,4
CLM-00060,KVH-MO-00162,C0099,Motor,Flood damage,2025-04-25,324300,,Pending,,,527
CLM-00061,KVH-MO-00162,C0099,Motor,Theft,2025-10-01,137000,,Rejected,,,368
CLM-00062,KVH-MO-00163,C0100,Motor,Accident damage,2025-08-06,89700,85700,Settled,2025-08-22,16,16
CLM-00063,KVH-MO-00166,C0101,Motor,Flood damage,2025-11-21,260300,,Rejected,,,317
CLM-00064,KVH-MO-00166,C0101,Motor,Theft,2026-04-15,40200,39600,Settled,2026-05-04,19,19
CLM-00065,KVH-MO-00167,C0102,Motor,Windshield replacement,2025-06-04,132800,129000,Settled,2025-06-21,17,17
CLM-00066,KVH-MO-00169,C0103,Motor,Accident damage,2026-09-01,51500,44600,Settled,2026-09-21,20,20
CLM-00067,KVH-LI-00173,C0104,Life,Accidental disability rider,2026-09-05,900000,859800,Settled,2026-09-09,4,4
CLM-00068,KVH-HO-00174,C0105,Home,Fire damage,2025-10-22,74100,,Pending,,,347
CLM-00069,KVH-HE-00175,C0105,Health,Day-care procedure,2025-05-29,276500,243800,Settled,2025-07-01,33,33
CLM-00070,KVH-HE-00175,C0105,Health,Maternity,2026-05-10,94100,71000,Settled,2026-07-24,75,75
CLM-00071,KVH-MO-00178,C0107,Motor,Theft,2025-11-23,16100,15500,Settled,2025-12-07,14,14
CLM-00072,KVH-MO-00179,C0108,Motor,Flood damage,2025-07-11,88000,87900,Settled,2025-07-17,6,6
CLM-00073,KVH-HE-00181,C0110,Health,Day-care procedure,2026-03-02,592400,559700,Settled,2026-03-15,13,13
CLM-00074,KVH-HE-00182,C0111,Health,Hospitalisation - reimbursement,2026-06-13,157300,,Pending,,,113
CLM-00075,KVH-HE-00182,C0111,Health,Maternity,2025-05-10,113400,,Rejected,,,512
CLM-00076,KVH-HO-00183,C0111,Home,Fire damage,2026-01-17,129900,,Under Review,,,260
CLM-00077,KVH-HO-00183,C0111,Home,Water damage,2026-05-15,891700,,Pending,,,142
CLM-00078,KVH-HO-00183,C0111,Home,Water damage,2025-11-15,139200,,Pending,,,323
CLM-00079,KVH-HO-00183,C0111,Home,Fire damage,2026-01-10,365700,304900,Settled,2026-03-08,57,57
CLM-00080,KVH-HE-00185,C0112,Health,Day-care procedure,2025-08-18,113600,106000,Settled,2025-09-02,15,15
CLM-00081,KVH-MO-00188,C0113,Motor,Theft,2026-04-01,158700,,Under Review,,,186
CLM-00082,KVH-HO-00196,C0120,Home,Burglary,2025-12-12,494800,424800,Settled,2025-12-24,12,12
CLM-00083,KVH-MO-00198,C0121,Motor,Theft,2026-08-07,97400,85000,Settled,2026-08-13,6,6
CLM-00084,KVH-HE-00205,C0125,Health,Hospitalisation - cashless,2025-08-26,115300,105900,Settled,2025-08-31,5,5
CLM-00085,KVH-MO-00207,C0126,Motor,Flood damage,2026-04-19,231300,206600,Settled,2026-05-04,15,15
CLM-00086,KVH-HE-00208,C0127,Health,Day-care procedure,2026-06-11,295900,270400,Settled,2026-06-20,9,9
CLM-00087,KVH-HE-00215,C0131,Health,Hospitalisation - cashless,2026-04-09,99600,95500,Settled,2026-04-18,9,9
CLM-00088,KVH-MO-00217,C0132,Motor,Accident damage,2025-12-03,26800,26600,Settled,2025-12-08,5,5
CLM-00089,KVH-MO-00218,C0133,Motor,Flood damage,2025-12-08,232000,221800,Settled,2025-12-16,8,8
CLM-00090,KVH-HE-00219,C0134,Health,Day-care procedure,2025-11-20,25000,24900,Settled,2025-12-04,14,14
CLM-00091,KVH-MO-00224,C0137,Motor,Windshield replacement,2026-07-13,40200,38600,Settled,2026-07-20,7,7
CLM-00092,KVH-HO-00226,C0138,Home,Burglary,2025-06-01,94100,,Under Review,,,490
CLM-00093,KVH-MO-00227,C0138,Motor,Theft,2025-06-08,44500,,Under Review,,,483
CLM-00094,KVH-HE-00229,C0139,Health,Hospitalisation - reimbursement,2026-06-09,240900,213800,Settled,2026-06-15,6,6
CLM-00095,KVH-HE-00233,C0141,Health,Hospitalisation - reimbursement,2026-03-09,102300,101800,Settled,2026-05-16,68,68
CLM-00096,KVH-HE-00233,C0141,Health,Day-care procedure,2026-03-03,221900,204500,Settled,2026-04-17,45,45
CLM-00097,KVH-HE-00233,C0141,Health,Hospitalisation - reimbursement,2026-02-14,266700,,Under Review,,,232
CLM-00098,KVH-HE-00235,C0142,Health,Hospitalisation - cashless,2025-08-26,435500,,Under Review,,,404
CLM-00099,KVH-HE-00235,C0142,Health,Hospitalisation - cashless,2025-09-25,520600,326900,Settled,2025-11-16,52,52
CLM-00100,KVH-HO-00236,C0142,Home,Fire damage,2025-04-13,403100,276500,Settled,2025-06-01,49,49
CLM-00101,KVH-MO-00237,C0143,Motor,Flood damage,2026-04-12,130600,116100,Settled,2026-05-02,20,20
CLM-00102,KVH-MO-00238,C0144,Motor,Accident damage,2025-09-15,213600,201200,Settled,2025-09-23,8,8
CLM-00103,KVH-HE-00242,C0146,Health,Day-care procedure,2026-08-10,474000,,Under Review,,,55
CLM-00104,KVH-HE-00242,C0146,Health,Hospitalisation - reimbursement,2026-07-15,91400,57900,Settled,2026-08-18,34,34
CLM-00105,KVH-MO-00243,C0146,Motor,Accident damage,2025-05-01,188800,,Rejected,,,521
CLM-00106,KVH-MO-00244,C0147,Motor,Theft,2025-12-11,28700,24700,Settled,2025-12-15,4,4
CLM-00107,KVH-MO-00248,C0149,Motor,Theft,2025-05-24,80300,70100,Settled,2025-06-07,14,14
CLM-00108,KVH-LI-00253,C0152,Life,Accidental disability rider,2025-10-20,900000,,Rejected,,,349
CLM-00109,KVH-HE-00254,C0152,Health,Hospitalisation - reimbursement,2025-10-31,516100,,Pending,,,338
CLM-00110,KVH-HE-00254,C0152,Health,Hospitalisation - reimbursement,2025-07-06,603900,461600,Settled,2025-08-29,54,54
CLM-00111,KVH-HE-00255,C0153,Health,Hospitalisation - reimbursement,2026-01-26,444300,421100,Settled,2026-01-31,5,5
CLM-00112,KVH-HE-00255,C0153,Health,Day-care procedure,2026-04-07,393600,384500,Settled,2026-04-18,11,11
CLM-00113,KVH-HE-00255,C0153,Health,Day-care procedure,2025-05-24,118800,101100,Settled,2025-05-31,7,7
CLM-00114,KVH-HO-00256,C0154,Home,Water damage,2025-05-21,113700,96500,Settled,2025-07-27,67,67
CLM-00115,KVH-MO-00261,C0158,Motor,Theft,2026-05-06,454400,,Pending,,,151
CLM-00116,KVH-HE-00262,C0159,Health,Maternity,2026-05-11,149700,144000,Settled,2026-08-09,90,90
CLM-00117,KVH-MO-00263,C0159,Motor,Theft,2026-02-27,202300,,Pending,,,219
CLM-00118,KVH-MO-00263,C0159,Motor,Theft,2025-11-25,50700,,Rejected,,,313
CLM-00119,KVH-MO-00263,C0159,Motor,Accident damage,2026-04-25,91600,,Under Review,,,162
CLM-00120,KVH-HO-00264,C0159,Home,Fire damage,2025-06-27,528900,,Under Review,,,464
CLM-00121,KVH-MO-00272,C0165,Motor,Accident damage,2026-04-13,45200,,Rejected,,,174
CLM-00122,KVH-MO-00272,C0165,Motor,Windshield replacement,2025-11-11,39300,38400,Settled,2026-02-12,93,93
CLM-00123,KVH-MO-00272,C0165,Motor,Windshield replacement,2026-03-31,34600,,Rejected,,,187
CLM-00124,KVH-MO-00272,C0165,Motor,Flood damage,2025-07-20,47400,44800,Settled,2025-09-25,67,67
CLM-00125,KVH-HE-00278,C0168,Health,Day-care procedure,2025-11-12,287700,,Under Review,,,326
CLM-00126,KVH-HE-00278,C0168,Health,Hospitalisation - cashless,2025-11-18,300900,,Under Review,,,320
CLM-00127,KVH-HE-00278,C0168,Health,Maternity,2025-06-30,351100,,Under Review,,,461
CLM-00128,KVH-HO-00279,C0169,Home,Water damage,2025-08-09,305400,,Under Review,,,421
CLM-00129,KVH-MO-00280,C0170,Motor,Theft,2026-02-14,74700,74100,Settled,2026-03-02,16,16
CLM-00130,KVH-HO-00285,C0173,Home,Burglary,2025-04-20,171500,,Pending,,,532
CLM-00131,KVH-HO-00285,C0173,Home,Water damage,2026-06-14,33400,,Rejected,,,112
CLM-00132,KVH-HE-00289,C0176,Health,Maternity,2025-04-24,255900,253300,Settled,2025-05-06,12,12
CLM-00133,KVH-MO-00291,C0177,Motor,Theft,2026-01-01,38700,38200,Settled,2026-01-18,17,17
CLM-00134,KVH-MO-00291,C0177,Motor,Theft,2026-05-19,82300,77100,Settled,2026-06-06,18,18
CLM-00135,KVH-HE-00293,C0178,Health,Maternity,2025-07-04,79800,79100,Settled,2025-07-12,8,8
CLM-00136,KVH-HE-00293,C0178,Health,Day-care procedure,2025-10-28,27100,23500,Settled,2025-11-04,7,7
CLM-00137,KVH-LI-00294,C0178,Life,Critical illness rider,2025-07-27,783700,781900,Settled,2025-08-10,14,14
CLM-00138,KVH-MO-00298,C0180,Motor,Windshield replacement,2026-04-17,35800,,Pending,,,170
CLM-00139,KVH-MO-00298,C0180,Motor,Flood damage,2026-05-30,197900,,Rejected,,,127
CLM-00140,KVH-MO-00305,C0185,Motor,Accident damage,2025-04-18,13200,12100,Settled,2025-05-09,21,21
CLM-00141,KVH-HO-00306,C0185,Home,Burglary,2026-05-10,900000,859400,Settled,2026-05-17,7,7
CLM-00142,KVH-MO-00309,C0187,Motor,Theft,2025-10-22,193700,192100,Settled,2025-11-07,16,16
CLM-00143,KVH-HO-00312,C0188,Home,Burglary,2026-06-12,501000,454100,Settled,2026-06-22,10,10
CLM-00144,KVH-MO-00314,C0190,Motor,Windshield replacement,2026-08-26,290500,277400,Settled,2026-09-17,22,22
CLM-00145,KVH-MO-00315,C0191,Motor,Accident damage,2026-08-21,204900,,Under Review,,,44
CLM-00146,KVH-HO-00316,C0192,Home,Burglary,2025-05-17,567400,547800,Settled,2025-05-29,12,12
CLM-00147,KVH-HE-00320,C0194,Health,Maternity,2026-05-20,215900,147400,Settled,2026-07-29,70,70
CLM-00148,KVH-MO-00321,C0195,Motor,Theft,2026-02-26,111800,109900,Settled,2026-03-12,14,14
CLM-00149,KVH-HE-00322,C0196,Health,Maternity,2025-08-24,298400,269100,Settled,2025-09-14,21,21
CLM-00150,KVH-HE-00328,C0199,Health,Hospitalisation - cashless,2026-01-31,169700,168800,Settled,2026-02-23,23,23
CLM-00151,KVH-MO-00343,C0209,Motor,Windshield replacement,2026-04-04,147200,139900,Settled,2026-04-16,12,12
CLM-00152,KVH-HE-00344,C0209,Health,Hospitalisation - cashless,2026-03-14,490000,462400,Settled,2026-04-05,22,22
CLM-00153,KVH-MO-00346,C0210,Motor,Accident damage,2025-10-03,196500,164500,Settled,2025-11-05,33,33
CLM-00154,KVH-HE-00347,C0210,Health,Day-care procedure,2026-04-30,101900,,Pending,,,157
CLM-00155,KVH-LI-00348,C0211,Life,Accidental disability rider,2025-06-23,900000,797000,Settled,2025-07-16,23,23
CLM-00156,KVH-LI-00350,C0212,Life,Critical illness rider,2025-06-17,900000,822100,Settled,2025-08-14,58,58
CLM-00157,KVH-HE-00355,C0214,Health,Hospitalisation - cashless,2025-04-23,273200,186700,Settled,2025-07-23,91,91
CLM-00158,KVH-MO-00356,C0215,Motor,Windshield replacement,2026-08-14,18100,,Pending,,,51
CLM-00159,KVH-HE-00361,C0218,Health,Hospitalisation - reimbursement,2025-04-26,175700,151300,Settled,2025-05-18,22,22
CLM-00160,KVH-HE-00361,C0218,Health,Maternity,2026-01-04,96100,83700,Settled,2026-01-15,11,11
CLM-00161,KVH-MO-00363,C0220,Motor,Flood damage,2026-05-19,78600,75800,Settled,2026-05-27,8,8
CLM-00162,KVH-HE-00367,C0223,Health,Day-care procedure,2026-03-31,120400,,Pending,,,187
CLM-00163,KVH-HE-00367,C0223,Health,Maternity,2025-11-04,293000,,Under Review,,,334
CLM-00164,KVH-HE-00367,C0223,Health,Hospitalisation - reimbursement,2026-08-04,126500,,Pending,,,61
CLM-00165,KVH-HE-00367,C0223,Health,Maternity,2026-07-13,279500,220500,Settled,2026-09-30,79,79
CLM-00166,KVH-HE-00367,C0223,Health,Hospitalisation - cashless,2025-05-16,132600,,Pending,,,506
CLM-00167,KVH-MO-00371,C0226,Motor,Flood damage,2026-05-09,76300,,Pending,,,148
CLM-00168,KVH-HE-00374,C0228,Health,Maternity,2026-07-17,364900,329000,Settled,2026-08-03,17,17
CLM-00169,KVH-MO-00375,C0228,Motor,Theft,2026-08-27,323100,280400,Settled,2026-09-04,8,8
CLM-00170,KVH-HE-00378,C0230,Health,Hospitalisation - cashless,2025-10-02,68200,55800,Settled,2025-11-04,33,33
CLM-00171,KVH-HE-00378,C0230,Health,Day-care procedure,2025-10-21,165100,127400,Settled,2026-01-18,89,89
CLM-00172,KVH-HE-00378,C0230,Health,Hospitalisation - reimbursement,2026-09-13,108900,,Under Review,,,21
CLM-00173,KVH-MO-00379,C0231,Motor,Flood damage,2026-07-12,301300,277600,Settled,2026-07-29,17,17
CLM-00174,KVH-MO-00379,C0231,Motor,Flood damage,2025-09-18,334300,313500,Settled,2025-09-25,7,7
CLM-00175,KVH-MO-00381,C0232,Motor,Windshield replacement,2025-06-02,84900,70200,Settled,2025-07-29,57,57
CLM-00176,KVH-MO-00381,C0232,Motor,Theft,2025-10-07,45700,,Under Review,,,362
CLM-00177,KVH-HE-00383,C0232,Health,Hospitalisation - cashless,2025-07-21,25300,,Rejected,,,440
CLM-00178,KVH-MO-00384,C0233,Motor,Theft,2026-01-16,264000,,Under Review,,,261
CLM-00179,KVH-MO-00384,C0233,Motor,Theft,2026-07-01,293800,196500,Settled,2026-08-09,39,39
CLM-00180,KVH-HE-00385,C0233,Health,Hospitalisation - cashless,2025-11-01,516000,465800,Settled,2026-01-06,66,66
CLM-00181,KVH-HE-00385,C0233,Health,Maternity,2026-01-28,98500,,Pending,,,249
CLM-00182,KVH-HE-00386,C0234,Health,Day-care procedure,2026-07-30,157900,,Pending,,,66
CLM-00183,KVH-MO-00392,C0238,Motor,Windshield replacement,2026-07-05,71400,,Pending,,,91
CLM-00184,KVH-LI-00393,C0238,Life,Critical illness rider,2026-02-08,900000,,Under Review,,,238
CLM-00185,KVH-HE-00394,C0238,Health,Maternity,2025-05-20,57800,,Pending,,,502
CLM-00186,KVH-MO-00396,C0239,Motor,Accident damage,2025-11-28,129700,126500,Settled,2025-12-12,14,14
CLM-00187,KVH-MO-00396,C0239,Motor,Windshield replacement,2026-04-14,461600,441700,Settled,2026-05-06,22,22
CLM-00188,KVH-HE-00397,C0240,Health,Hospitalisation - cashless,2025-10-20,100900,93900,Settled,2025-12-31,72,72
CLM-00189,KVH-HE-00397,C0240,Health,Hospitalisation - cashless,2026-03-28,249600,159100,Settled,2026-06-27,91,91
CLM-00190,KVH-HE-00397,C0240,Health,Day-care procedure,2025-08-13,245900,,Under Review,,,417
CLM-00191,KVH-LI-00398,C0240,Life,Critical illness rider,2025-09-23,900000,887100,Settled,2025-11-28,66,66
CLM-00192,KVH-MO-00399,C0240,Motor,Windshield replacement,2025-08-02,300900,,Pending,,,428
CLM-00193,KVH-HE-00406,C0245,Health,Hospitalisation - reimbursement,2025-04-16,69000,,Rejected,,,536
CLM-00194,KVH-MO-00408,C0246,Motor,Accident damage,2025-09-17,111200,,Rejected,,,382
CLM-00195,KVH-HE-00411,C0248,Health,Hospitalisation - reimbursement,2026-01-05,370500,,Pending,,,272
CLM-00196,KVH-MO-00413,C0249,Motor,Windshield replacement,2026-02-02,278300,,Under Review,,,244
CLM-00197,KVH-MO-00413,C0249,Motor,Windshield replacement,2026-02-15,142500,,Pending,,,231
CLM-00198,KVH-HE-00414,C0249,Health,Day-care procedure,2025-09-22,194200,,Pending,,,377
CLM-00199,KVH-MO-00418,C0251,Motor,Windshield replacement,2025-05-14,185800,162800,Settled,2025-05-23,9,9
CLM-00200,KVH-HE-00419,C0251,Health,Hospitalisation - cashless,2025-10-30,202100,,Pending,,,339
CLM-00201,KVH-MO-00421,C0252,Motor,Theft,2025-10-11,246000,241900,Settled,2025-10-19,8,8
CLM-00202,KVH-HE-00423,C0253,Health,Hospitalisation - reimbursement,2025-06-27,111000,67400,Settled,2025-09-24,89,89
CLM-00203,KVH-MO-00424,C0253,Motor,Windshield replacement,2026-07-27,167800,138900,Settled,2026-10-04,69,69
CLM-00204,KVH-MO-00426,C0254,Motor,Theft,2025-09-10,108100,,Rejected,,,389
CLM-00205,KVH-MO-00426,C0254,Motor,Windshield replacement,2026-02-12,119400,,Pending,,,234
CLM-00206,KVH-HE-00432,C0257,Health,Hospitalisation - cashless,2025-10-22,286000,272900,Settled,2025-10-28,6,6
CLM-00207,KVH-MO-00433,C0257,Motor,Accident damage,2026-02-26,31600,31300,Settled,2026-03-14,16,16
CLM-00208,KVH-HE-00437,C0261,Health,Hospitalisation - reimbursement,2025-06-28,142600,103500,Settled,2025-08-15,48,48
CLM-00209,KVH-MO-00438,C0262,Motor,Accident damage,2026-01-19,201100,193400,Settled,2026-02-02,14,14
CLM-00210,KVH-HE-00441,C0263,Health,Day-care procedure,2026-02-11,222300,211600,Settled,2026-03-01,18,18
CLM-00211,KVH-HE-00442,C0264,Health,Hospitalisation - reimbursement,2026-08-11,130600,128000,Settled,2026-09-01,21,21
CLM-00212,KVH-HO-00446,C0266,Home,Burglary,2026-06-28,900000,,Pending,,,98
CLM-00213,KVH-HE-00447,C0266,Health,Day-care procedure,2026-04-10,155600,,Pending,,,177
CLM-00214,KVH-HE-00447,C0266,Health,Hospitalisation - cashless,2025-04-16,301000,,Pending,,,536
CLM-00215,KVH-HE-00447,C0266,Health,Hospitalisation - reimbursement,2025-09-23,39800,,Under Review,,,376
CLM-00216,KVH-HE-00447,C0266,Health,Day-care procedure,2026-02-18,101900,,Pending,,,228
CLM-00217,KVH-MO-00448,C0266,Motor,Accident damage,2025-04-24,30000,,Rejected,,,528
CLM-00218,KVH-MO-00451,C0268,Motor,Windshield replacement,2026-06-30,242300,225400,Settled,2026-07-16,16,16
CLM-00219,KVH-HE-00453,C0269,Health,Maternity,2026-03-22,32000,,Under Review,,,196
CLM-00220,KVH-HE-00453,C0269,Health,Hospitalisation - cashless,2026-03-27,25800,23000,Settled,2026-05-14,48,48
CLM-00221,KVH-HE-00454,C0270,Health,Hospitalisation - cashless,2026-03-09,240400,229100,Settled,2026-03-15,6,6
CLM-00222,KVH-HE-00456,C0271,Health,Maternity,2025-06-20,264400,226700,Settled,2025-06-27,7,7
CLM-00223,KVH-HE-00456,C0271,Health,Maternity,2026-07-13,342400,335400,Settled,2026-07-23,10,10
CLM-00224,KVH-HE-00460,C0272,Health,Day-care procedure,2025-05-20,107800,100300,Settled,2025-06-02,13,13
CLM-00225,KVH-MO-00463,C0274,Motor,Accident damage,2025-07-23,187900,,Pending,,,438
CLM-00226,KVH-HE-00464,C0274,Health,Maternity,2025-11-20,757400,741900,Settled,2026-01-19,60,60
CLM-00227,KVH-LI-00465,C0275,Life,Critical illness rider,2025-08-05,766500,708000,Settled,2025-08-15,10,10
CLM-00228,KVH-MO-00470,C0278,Motor,Accident damage,2025-12-30,75000,70500,Settled,2026-01-16,17,17
CLM-00229,KVH-MO-00470,C0278,Motor,Theft,2025-08-20,21200,21200,Settled,2025-09-10,21,21
CLM-00230,KVH-HE-00473,C0280,Health,Maternity,2025-08-12,228300,198700,Settled,2025-08-29,17,17
CLM-00231,KVH-LI-00476,C0281,Life,Critical illness rider,2026-05-10,900000,551500,Settled,2026-06-19,40,40
CLM-00232,KVH-HO-00477,C0281,Home,Water damage,2026-02-11,78100,71600,Settled,2026-04-04,52,52
CLM-00233,KVH-HE-00483,C0284,Health,Maternity,2026-01-03,158500,,Pending,,,274
CLM-00234,KVH-MO-00491,C0289,Motor,Flood damage,2025-11-04,6500,5600,Settled,2025-11-08,4,4
CLM-00235,KVH-HE-00494,C0290,Health,Maternity,2026-07-04,260100,257200,Settled,2026-07-22,18,18
CLM-00236,KVH-MO-00495,C0291,Motor,Accident damage,2025-06-09,181200,168500,Settled,2025-06-15,6,6
CLM-00237,KVH-MO-00498,C0293,Motor,Flood damage,2026-05-20,145600,,Under Review,,,137
CLM-00238,KVH-HE-00503,C0296,Health,Maternity,2026-05-08,251500,243200,Settled,2026-05-20,12,12
CLM-00239,KVH-HE-00505,C0298,Health,Hospitalisation - cashless,2026-06-15,105300,93300,Settled,2026-07-04,19,19
